,Date,UK_mean
1,1870-01-16,7.429867029
2,1870-02-15,6.557932479
3,1870-03-16,6.896195275
4,1870-04-16,7.906932626
5,1870-05-16,9.808901106
6,1870-06-16,12.42698738
7,1870-07-16,14.64810698
8,1870-08-16,15.70476505
9,1870-09-16,15.49373218
10,1870-10-16,13.5999608
11,1870-11-16,11.29137911
12,1870-12-16,9.112431356
13,1871-01-16,7.788289172
14,1871-02-15,6.825220619
15,1871-03-16,7.024114132
16,1871-04-16,7.775770732
17,1871-05-16,9.331824541
18,1871-06-16,11.90969821
19,1871-07-16,14.2982895
20,1871-08-16,15.52384451
21,1871-09-16,14.55434677
22,1871-10-16,12.65142039
23,1871-11-16,10.59797723
24,1871-12-16,9.047451666
25,1872-01-16,7.908061913
26,1872-02-15,7.29792101
27,1872-03-16,7.023073435
28,1872-04-16,7.68130047
29,1872-05-16,9.855679648
30,1872-06-16,12.7169261
31,1872-07-16,14.70328263
32,1872-08-16,15.8710084
33,1872-09-16,14.62770551
34,1872-10-16,12.96576868
35,1872-11-16,10.55625391
36,1872-12-16,9.217792783
37,1873-01-16,7.9777065
38,1873-02-15,6.981724977
39,1873-03-16,6.741229432
40,1873-04-16,7.556836878
41,1873-05-16,9.548358304
42,1873-06-16,12.42507887
43,1873-07-16,14.5993435
44,1873-08-16,15.55707502
45,1873-09-16,14.69757434
46,1873-10-16,12.99000849
47,1873-11-16,10.93207993
48,1873-12-16,9.231384924
49,1874-01-16,8.456005062
50,1874-02-15,7.670459986
51,1874-03-16,7.849841356
52,1874-04-16,8.47731873
53,1874-05-16,10.09370041
54,1874-06-16,12.74837855
55,1874-07-16,14.63477339
56,1874-08-16,15.25430359
57,1874-09-16,14.5267554
58,1874-10-16,12.98264108
59,1874-11-16,10.80721385
60,1874-12-16,9.209538324
61,1875-01-16,7.907618216
62,1875-02-15,7.59003503
63,1875-03-16,6.911104339
64,1875-04-16,7.794001545
65,1875-05-16,9.693546772
66,1875-06-16,12.57432815
67,1875-07-16,14.69482449
68,1875-08-16,16.11555658
69,1875-09-16,15.24824095
70,1875-10-16,13.5987775
71,1875-11-16,11.12725421
72,1875-12-16,9.505654437
73,1876-01-16,8.519081559
74,1876-02-15,7.582881825
75,1876-03-16,7.246256317
76,1876-04-16,7.611396619
77,1876-05-16,9.218814169
78,1876-06-16,11.80522013
79,1876-07-16,13.95515013
80,1876-08-16,15.21459402
81,1876-09-16,14.34519032
82,1876-10-16,12.81566129
83,1876-11-16,11.05535637
84,1876-12-16,9.50387764
85,1877-01-16,8.398169313
86,1877-02-15,7.827891793
87,1877-03-16,6.833660705
88,1877-04-16,7.171275071
89,1877-05-16,9.488036973
90,1877-06-16,12.20528289
91,1877-07-16,14.2716418
92,1877-08-16,14.75390026
93,1877-09-16,13.99965518
94,1877-10-16,12.61534091
95,1877-11-16,10.79398612
96,1877-12-16,9.6138931
97,1878-01-16,8.318069526
98,1878-02-15,7.68112731
99,1878-03-16,7.747282778
100,1878-04-16,8.546404498
101,1878-05-16,10.20033898
102,1878-06-16,12.86024155
103,1878-07-16,14.86490624
104,1878-08-16,16.08135898
105,1878-09-16,15.40532242
106,1878-10-16,13.5232063
107,1878-11-16,11.1389323
108,1878-12-16,9.311950513
109,1879-01-16,7.836994784
110,1879-02-15,6.80576631
111,1879-03-16,6.675149339
112,1879-04-16,7.232351099
113,1879-05-16,9.069646427
114,1879-06-16,11.57471473
115,1879-07-16,13.92975501
116,1879-08-16,15.08386149
117,1879-09-16,14.65567902
118,1879-10-16,12.90828208
119,1879-11-16,10.79057523
120,1879-12-16,9.528218337
121,1880-01-16,8.379908255
122,1880-02-15,8.028899363
123,1880-03-16,7.666505882
124,1880-04-16,8.287519591
125,1880-05-16,9.798212801
126,1880-06-16,12.5482688
127,1880-07-16,14.76044771
128,1880-08-16,15.99064078
129,1880-09-16,15.00692436
130,1880-10-16,13.34993676
131,1880-11-16,11.09718622
132,1880-12-16,9.528959649
133,1881-01-16,8.210014514
134,1881-02-15,7.098729372
135,1881-03-16,7.066648075
136,1881-04-16,7.800375734
137,1881-05-16,9.337942975
138,1881-06-16,12.18617174
139,1881-07-16,14.11891399
140,1881-08-16,15.25579344
141,1881-09-16,14.34746081
142,1881-10-16,12.86077915
143,1881-11-16,10.98500838
144,1881-12-16,9.817507744
145,1882-01-16,8.67972987
146,1882-02-15,7.776187113
147,1882-03-16,7.228298119
148,1882-04-16,8.035055058
149,1882-05-16,9.843437808
150,1882-06-16,12.61382471
151,1882-07-16,14.5200461
152,1882-08-16,15.22220012
153,1882-09-16,14.32500151
154,1882-10-16,12.80323894
155,1882-11-16,11.05891548
156,1882-12-16,9.549666473
157,1883-01-16,8.86487501
158,1883-02-15,7.857052599
159,1883-03-16,7.314778158
160,1883-04-16,7.889996018
161,1883-05-16,9.396795273
162,1883-06-16,12.16653
163,1883-07-16,14.27891152
164,1883-08-16,15.12322617
165,1883-09-16,14.23137426
166,1883-10-16,12.74336249
167,1883-11-16,10.84912906
168,1883-12-16,9.243353197
169,1884-01-16,8.26677319
170,1884-02-15,7.863162313
171,1884-03-16,7.868701356
172,1884-04-16,7.888517312
173,1884-05-16,9.564005647
174,1884-06-16,12.43284648
175,1884-07-16,14.85116475
176,1884-08-16,15.97184447
177,1884-09-16,15.02552026
178,1884-10-16,13.43727139
179,1884-11-16,11.23754692
180,1884-12-16,9.467498166
181,1885-01-16,8.100754533
182,1885-02-15,7.248292446
183,1885-03-16,7.019863776
184,1885-04-16,7.482852527
185,1885-05-16,9.241049835
186,1885-06-16,11.92266144
187,1885-07-16,14.10634674
188,1885-08-16,15.16467074
189,1885-09-16,14.11508131
190,1885-10-16,12.38472557
191,1885-11-16,10.30079147
192,1885-12-16,9.316814491
193,1886-01-16,8.057713509
194,1886-02-15,6.809603248
195,1886-03-16,6.785078185
196,1886-04-16,7.752868005
197,1886-05-16,9.417584385
198,1886-06-16,11.94312028
199,1886-07-16,14.60612461
200,1886-08-16,15.0019799
201,1886-09-16,14.71446078
202,1886-10-16,13.09265266
203,1886-11-16,10.92564195
204,1886-12-16,9.016905819
205,1887-01-16,7.974323613
206,1887-02-15,7.280525684
207,1887-03-16,6.912536349
208,1887-04-16,7.569359711
209,1887-05-16,9.331816741
210,1887-06-16,12.50766366
211,1887-07-16,14.96120214
212,1887-08-16,15.97298213
213,1887-09-16,14.3501217
214,1887-10-16,12.39700862
215,1887-11-16,10.1237983
216,1887-12-16,8.929224661
217,1888-01-16,7.193769796
218,1888-02-15,6.138413889
219,1888-03-16,5.987025244
220,1888-04-16,6.818721737
221,1888-05-16,8.882620573
222,1888-06-16,11.90207992
223,1888-07-16,13.70789194
224,1888-08-16,14.72306435
225,1888-09-16,14.32518727
226,1888-10-16,12.88570438
227,1888-11-16,11.56544563
228,1888-12-16,10.33410011
229,1889-01-16,8.856208938
230,1889-02-15,7.836311783
231,1889-03-16,6.863462891
232,1889-04-16,7.627492734
233,1889-05-16,10.10581337
234,1889-06-16,13.05925689
235,1889-07-16,14.79402508
236,1889-08-16,14.97478001
237,1889-09-16,14.28179148
238,1889-10-16,12.79070248
239,1889-11-16,10.90809672
240,1889-12-16,9.556943825
241,1890-01-16,8.708903721
242,1890-02-15,7.558979648
243,1890-03-16,7.211547204
244,1890-04-16,7.863520929
245,1890-05-16,9.832327093
246,1890-06-16,12.46137674
247,1890-07-16,13.83688055
248,1890-08-16,15.03866455
249,1890-09-16,14.49011959
250,1890-10-16,13.12959276
251,1890-11-16,10.60856315
252,1890-12-16,8.516974551
253,1891-01-16,7.134079082
254,1891-02-15,6.636851226
255,1891-03-16,6.438115461
256,1891-04-16,7.456263747
257,1891-05-16,9.37132505
258,1891-06-16,12.44366952
259,1891-07-16,14.45729215
260,1891-08-16,15.27725417
261,1891-09-16,14.13318566
262,1891-10-16,12.86338043
263,1891-11-16,10.9781253
264,1891-12-16,9.335894108
265,1892-01-16,8.003772395
266,1892-02-15,6.958129644
267,1892-03-16,6.456593854
268,1892-04-16,7.545520203
269,1892-05-16,9.572148732
270,1892-06-16,12.39233024
271,1892-07-16,14.15689353
272,1892-08-16,15.1172174
273,1892-09-16,14.03769275
274,1892-10-16,12.46054179
275,1892-11-16,10.50523308
276,1892-12-16,9.021321058
277,1893-01-16,7.739699772
278,1893-02-15,7.116435971
279,1893-03-16,7.497762884
280,1893-04-16,8.531193563
281,1893-05-16,10.62221827
282,1893-06-16,13.57122285
283,1893-07-16,15.33718586
284,1893-08-16,16.39291559
285,1893-09-16,15.21709374
286,1893-10-16,13.28729391
287,1893-11-16,10.8747451
288,1893-12-16,8.960203886
289,1894-01-16,7.587175369
290,1894-02-15,7.481517519
291,1894-03-16,7.63223144
292,1894-04-16,8.598983594
293,1894-05-16,9.779463291
294,1894-06-16,12.15144968
295,1894-07-16,14.36470488
296,1894-08-16,15.32630021
297,1894-09-16,14.28816543
298,1894-10-16,12.97947972
299,1894-11-16,11.29840851
300,1894-12-16,9.504149199
301,1895-01-16,7.59587121
302,1895-02-15,6.143322485
303,1895-03-16,5.899661711
304,1895-04-16,7.328140088
305,1895-05-16,9.73320273
306,1895-06-16,12.77325712
307,1895-07-16,14.44735064
308,1895-08-16,15.27980641
309,1895-09-16,15.30684349
310,1895-10-16,13.62133476
311,1895-11-16,11.24916628
312,1895-12-16,9.503464971
313,1896-01-16,8.698969909
314,1896-02-15,7.895521096
315,1896-03-16,7.926510402
316,1896-04-16,8.80413178
317,1896-05-16,10.68805844
318,1896-06-16,13.63128294
319,1896-07-16,15.00091689
320,1896-08-16,15.66772393
321,1896-09-16,14.37457003
322,1896-10-16,11.93592685
323,1896-11-16,10.10718148
324,1896-12-16,8.684702294
325,1897-01-16,7.425434147
326,1897-02-15,6.75123838
327,1897-03-16,7.308768817
328,1897-04-16,8.131204741
329,1897-05-16,9.687744073
330,1897-06-16,12.57734673
331,1897-07-16,14.7480932
332,1897-08-16,15.62579625
333,1897-09-16,14.21476718
334,1897-10-16,13.0478282
335,1897-11-16,11.43438823
336,1897-12-16,10.0009972
337,1898-01-16,9.02130832
338,1898-02-15,8.219602517
339,1898-03-16,7.706949098
340,1898-04-16,8.348494598
341,1898-05-16,9.823559557
342,1898-06-16,12.59055144
343,1898-07-16,14.38307701
344,1898-08-16,15.27646821
345,1898-09-16,15.6266363
346,1898-10-16,13.98462684
347,1898-11-16,11.50657933
348,1898-12-16,9.558836324
349,1899-01-16,9.162210328
350,1899-02-15,8.184409686
351,1899-03-16,7.857739108
352,1899-04-16,8.585171495
353,1899-05-16,10.19312211
354,1899-06-16,13.27713101
355,1899-07-16,15.043146
356,1899-08-16,16.65980966
357,1899-09-16,15.31498902
358,1899-10-16,12.82142503
359,1899-11-16,11.24636071
360,1899-12-16,9.396098001
361,16/01/1900,8.630901132
362,15/02/1900,7.640501669
363,16/03/1900,7.025471687
364,16/04/1900,7.747991562
365,16/05/1900,9.442486525
366,16/06/1900,12.48356812
367,16/07/1900,14.65580879
368,16/08/1900,15.94067485
369,16/09/1900,15.09688268
370,16/10/1900,13.46446037
371,16/11/1900,11.65851007
372,16/12/1900,9.758995533
373,16/01/1901,8.223796572
374,15/02/1901,7.024330752
375,16/03/1901,6.669464043
376,16/04/1901,7.657165051
377,16/05/1901,9.429111753
378,16/06/1901,12.76066903
379,16/07/1901,14.82759019
380,16/08/1901,15.45518732
381,16/09/1901,14.83595937
382,16/10/1901,13.02043227
383,16/11/1901,10.9441747
384,16/12/1901,9.147436721
385,16/01/1902,7.592345749
386,15/02/1902,6.718184948
387,16/03/1902,6.750511987
388,16/04/1902,7.641362122
389,16/05/1902,8.765164886
390,16/06/1902,11.38521303
391,16/07/1902,13.98097788
392,16/08/1902,14.89761952
393,16/09/1902,14.3008882
394,16/10/1902,12.49788632
395,16/11/1902,11.23133871
396,16/12/1902,8.78913113
397,16/01/1903,8.139664173
398,15/02/1903,7.823175941
399,16/03/1903,7.718066045
400,16/04/1903,7.805822475
401,16/05/1903,9.374590874
402,16/06/1903,12.10877337
403,16/07/1903,14.51929494
404,16/08/1903,14.89973177
405,16/09/1903,14.00132547
406,16/10/1903,12.92882892
407,16/11/1903,11.25841413
408,16/12/1903,8.756259441
409,16/01/1904,8.031099217
410,15/02/1904,7.358062914
411,16/03/1904,6.776108129
412,16/04/1904,7.747174399
413,16/05/1904,9.36359661
414,16/06/1904,12.10748911
415,16/07/1904,14.2271142
416,16/08/1904,15.42880821
417,16/09/1904,14.32361078
418,16/10/1904,12.87908193
419,16/11/1904,11.20018332
420,16/12/1904,9.761598996
421,16/01/1905,8.14972227
422,15/02/1905,7.518493959
423,16/03/1905,7.389455353
424,16/04/1905,7.964747531
425,16/05/1905,9.571266856
426,16/06/1905,12.77749784
427,16/07/1905,15.29583829
428,16/08/1905,15.3766442
429,16/09/1905,13.99342176
430,16/10/1905,11.75822054
431,16/11/1905,10.11891147
432,16/12/1905,9.13761769
433,16/01/1906,8.249037164
434,15/02/1906,7.196518421
435,16/03/1906,6.895856176
436,16/04/1906,7.533559459
437,16/05/1906,9.031442336
438,16/06/1906,12.0908821
439,16/07/1906,13.95084504
440,16/08/1906,15.40113333
441,16/09/1906,14.89989614
442,16/10/1906,13.5749199
443,16/11/1906,11.12923268
444,16/12/1906,9.295667682
445,16/01/1907,7.98213768
446,15/02/1907,6.732425826
447,16/03/1907,6.873987538
448,16/04/1907,7.753704105
449,16/05/1907,9.253609112
450,16/06/1907,11.6488704
451,16/07/1907,13.1753679
452,16/08/1907,14.19263254
453,16/09/1907,14.21453599
454,16/10/1907,13.14823607
455,16/11/1907,11.34000765
456,16/12/1907,9.678775992
457,16/01/1908,8.143186603
458,15/02/1908,7.391586951
459,16/03/1908,6.967449835
460,16/04/1908,7.55627312
461,16/05/1908,9.416269813
462,16/06/1908,12.21913086
463,16/07/1908,14.3302801
464,16/08/1908,15.14041444
465,16/09/1908,14.03309372
466,16/10/1908,13.65669162
467,16/11/1908,11.44915513
468,16/12/1908,9.965077945
469,16/01/1909,8.525088004
470,15/02/1909,7.226780449
471,16/03/1909,6.410617352
472,16/04/1909,7.779085364
473,16/05/1909,9.369922297
474,16/06/1909,11.82786485
475,16/07/1909,13.41319295
476,16/08/1909,14.82967179
477,16/09/1909,13.96421119
478,16/10/1909,13.1265051
479,16/11/1909,10.52945573
480,16/12/1909,8.805269991
481,16/01/1910,8.045191288
482,15/02/1910,7.427599124
483,16/03/1910,7.545313426
484,16/04/1910,7.992911679
485,16/05/1910,9.557693481
486,16/06/1910,12.69298077
487,16/07/1910,13.89710447
488,16/08/1910,15.15323414
489,16/09/1910,14.5122464
490,16/10/1910,13.19803579
491,16/11/1910,10.43043252
492,16/12/1910,9.314798151
493,16/01/1911,8.127305712
494,15/02/1911,7.558440549
495,16/03/1911,7.364083188
496,16/04/1911,7.57969846
497,16/05/1911,9.968103613
498,16/06/1911,12.70716899
499,16/07/1911,14.63464635
500,16/08/1911,16.48246534
501,16/09/1911,15.54298789
502,16/10/1911,13.25821904
503,16/11/1911,10.7433439
504,16/12/1911,9.551343373
505,16/01/1912,8.479461908
506,15/02/1912,7.731478964
507,16/03/1912,8.073267051
508,16/04/1912,8.760042361
509,16/05/1912,10.4279873
510,16/06/1912,12.53737422
511,16/07/1912,14.70032808
512,16/08/1912,14.45014388
513,16/09/1912,13.2476853
514,16/10/1912,12.13154234
515,16/11/1912,10.38530711
516,16/12/1912,9.537903241
517,16/01/1913,8.542783431
518,15/02/1913,7.727190495
519,16/03/1913,7.553571292
520,16/04/1913,7.993583168
521,16/05/1913,9.627720833
522,16/06/1913,12.20084231
523,16/07/1913,13.78979288
524,16/08/1913,15.03372233
525,16/09/1913,14.72858572
526,16/10/1913,13.43965415
527,16/11/1913,11.46912152
528,16/12/1913,9.831030641
529,16/01/1914,8.114238841
530,15/02/1914,8.048403467
531,16/03/1914,7.626421077
532,16/04/1914,8.770666838
533,16/05/1914,10.07813399
534,16/06/1914,12.21488203
535,16/07/1914,14.92487213
536,16/08/1914,15.63883877
537,16/09/1914,15.03024701
538,16/10/1914,13.68805047
539,16/11/1914,11.34524945
540,16/12/1914,9.470477717
541,16/01/1915,8.168053865
542,15/02/1915,7.2162839
543,16/03/1915,6.941241741
544,16/04/1915,7.676816702
545,16/05/1915,9.803490809
546,16/06/1915,12.84930127
547,16/07/1915,14.7835491
548,16/08/1915,15.82381909
549,16/09/1915,15.09630503
550,16/10/1915,13.20635639
551,16/11/1915,10.7792135
552,16/12/1915,9.291742734
553,16/01/1916,8.273517609
554,15/02/1916,7.558082751
555,16/03/1916,7.197561332
556,16/04/1916,8.112964221
557,16/05/1916,9.710299117
558,16/06/1916,12.18303605
559,16/07/1916,13.97110367
560,16/08/1916,15.37005172
561,16/09/1916,14.88865764
562,16/10/1916,13.30316945
563,16/11/1916,10.92949036
564,16/12/1916,8.856264455
565,16/01/1917,7.342126199
566,15/02/1917,6.349595513
567,16/03/1917,5.990091034
568,16/04/1917,6.795935937
569,16/05/1917,8.93726434
570,16/06/1917,12.00486844
571,16/07/1917,14.21146699
572,16/08/1917,15.14409004
573,16/09/1917,14.30456529
574,16/10/1917,12.5089159
575,16/11/1917,10.2117315
576,16/12/1917,8.336448874
577,16/01/1918,6.946889298
578,15/02/1918,6.24509573
579,16/03/1918,6.561957223
580,16/04/1918,7.365471806
581,16/05/1918,9.35546984
582,16/06/1918,12.51077461
583,16/07/1918,14.56928846
584,16/08/1918,15.46603196
585,16/09/1918,14.11408309
586,16/10/1918,12.48517472
587,16/11/1918,11.04659762
588,16/12/1918,9.165136746
589,16/01/1919,8.079408373
590,15/02/1919,6.960580247
591,16/03/1919,6.845897436
592,16/04/1919,7.621437413
593,16/05/1919,9.727826732
594,16/06/1919,12.44379568
595,16/07/1919,14.15306384
596,16/08/1919,15.23139695
597,16/09/1919,14.38162579
598,16/10/1919,12.32631111
599,16/11/1919,9.535995041
600,16/12/1919,8.527689934
601,16/01/1920,7.877173492
602,15/02/1920,7.553967544
603,16/03/1920,7.44765326
604,16/04/1920,8.366278035
605,16/05/1920,10.35079731
606,16/06/1920,12.86779049
607,16/07/1920,14.23406771
608,16/08/1920,14.64098624
609,16/09/1920,14.31650012
610,16/10/1920,13.4974885
611,16/11/1920,11.39829704
612,16/12/1920,9.70128291
613,16/01/1921,9.203477757
614,15/02/1921,8.144609792
615,16/03/1921,8.260967561
616,16/04/1921,8.688752311
617,16/05/1921,10.73107706
618,16/06/1921,12.90419912
619,16/07/1921,15.05827134
620,16/08/1921,15.21853352
621,16/09/1921,14.65005609
622,16/10/1921,14.30260066
623,16/11/1921,11.28672341
624,16/12/1921,9.725964035
625,16/01/1922,8.362996953
626,15/02/1922,7.709260906
627,16/03/1922,7.520479339
628,16/04/1922,7.618216174
629,16/05/1922,9.845106806
630,16/06/1922,12.5596197
631,16/07/1922,13.31369311
632,16/08/1922,14.28387839
633,16/09/1922,13.71232803
634,16/10/1922,12.27306407
635,16/11/1922,10.20089415
636,16/12/1922,9.37648235
637,16/01/1923,8.379450287
638,15/02/1923,7.869393757
639,16/03/1923,7.748316458
640,16/04/1923,8.216495923
641,16/05/1923,9.601585763
642,16/06/1923,11.31336382
643,16/07/1923,14.2621962
644,16/08/1923,14.56817082
645,16/09/1923,13.53225068
646,16/10/1923,12.15892955
647,16/11/1923,9.975448063
648,16/12/1923,8.638540064
649,16/01/1924,7.75929468
650,15/02/1924,7.109545027
651,16/03/1924,6.707782524
652,16/04/1924,7.17201192
653,16/05/1924,9.379414797
654,16/06/1924,12.20629447
655,16/07/1924,13.8266874
656,16/08/1924,14.87597833
657,16/09/1924,13.7758755
658,16/10/1924,12.5367354
659,16/11/1924,10.92132289
660,16/12/1924,9.810087545
661,16/01/1925,9.002157995
662,15/02/1925,8.14120388
663,16/03/1925,7.426652397
664,16/04/1925,8.041564805
665,16/05/1925,10.13092055
666,16/06/1925,12.96271535
667,16/07/1925,14.91852392
668,16/08/1925,15.41309275
669,16/09/1925,13.80354548
670,16/10/1925,12.53011492
671,16/11/1925,10.37449346
672,16/12/1925,8.785224131
673,16/01/1926,8.049911737
674,15/02/1926,7.836964607
675,16/03/1926,7.85149203
676,16/04/1926,8.879993337
677,16/05/1926,10.0834446
678,16/06/1926,12.39632641
679,16/07/1926,15.28682988
680,16/08/1926,15.76628235
681,16/09/1926,15.34728261
682,16/10/1926,13.01981626
683,16/11/1926,10.5850264
684,16/12/1926,9.297445195
685,16/01/1927,8.336375441
686,15/02/1927,7.954458645
687,16/03/1927,7.96426504
688,16/04/1927,8.528188671
689,16/05/1927,9.879163912
690,16/06/1927,12.09175301
691,16/07/1927,14.16598865
692,16/08/1927,15.50775862
693,16/09/1927,14.2960045
694,16/10/1927,12.64459773
695,16/11/1927,10.67568779
696,16/12/1927,8.933730568
697,16/01/1928,7.945315531
698,15/02/1928,7.759033748
699,16/03/1928,7.648699794
700,16/04/1928,8.333815779
701,16/05/1928,9.733543362
702,16/06/1928,12.17441647
703,16/07/1928,14.08448512
704,16/08/1928,15.20910597
705,16/09/1928,14.73844269
706,16/10/1928,13.17971148
707,16/11/1928,11.25970473
708,16/12/1928,9.49784112
709,16/01/1929,7.488117967
710,15/02/1929,7.030162828
711,16/03/1929,6.8604205
712,16/04/1929,7.405468089
713,16/05/1929,9.094229085
714,16/06/1929,11.74933086
715,16/07/1929,14.0032006
716,16/08/1929,14.8329822
717,16/09/1929,15.20662648
718,16/10/1929,13.11605058
719,16/11/1929,10.95273038
720,16/12/1929,9.922927856
721,16/01/1930,8.786201273
722,15/02/1930,7.575230326
723,16/03/1930,7.124937092
724,16/04/1930,8.068945714
725,16/05/1930,9.809573174
726,16/06/1930,13.0444058
727,16/07/1930,14.79135527
728,16/08/1930,15.16363089
729,16/09/1930,14.46525328
730,16/10/1930,12.91109092
731,16/11/1930,10.87662492
732,16/12/1930,9.725891726
733,16/01/1931,8.434190478
734,15/02/1931,7.332504102
735,16/03/1931,6.825760262
736,16/04/1931,7.635038614
737,16/05/1931,9.603157588
738,16/06/1931,12.32610832
739,16/07/1931,14.0582552
740,16/08/1931,14.69370753
741,16/09/1931,13.72170877
742,16/10/1931,12.8444064
743,16/11/1931,11.11977679
744,16/12/1931,9.849694933
745,16/01/1932,9.038858618
746,15/02/1932,7.915655613
747,16/03/1932,7.388727597
748,16/04/1932,7.87613695
749,16/05/1932,9.596596173
750,16/06/1932,12.49446058
751,16/07/1932,15.0374465
752,16/08/1932,16.08875384
753,16/09/1932,14.90086692
754,16/10/1932,12.63123853
755,16/11/1932,11.08262403
756,16/12/1932,9.596704824
757,16/01/1933,8.486615828
758,15/02/1933,7.662967648
759,16/03/1933,7.728844506
760,16/04/1933,8.649619239
761,16/05/1933,10.29360948
762,16/06/1933,13.00840201
763,16/07/1933,15.56103379
764,16/08/1933,16.40238115
765,16/09/1933,15.9451358
766,16/10/1933,14.02938271
767,16/11/1933,11.00590611
768,16/12/1933,9.170240232
769,16/01/1934,8.331766571
770,15/02/1934,7.739560638
771,16/03/1934,7.486380645
772,16/04/1934,7.94077737
773,16/05/1934,9.575546265
774,16/06/1934,12.43007013
775,16/07/1934,15.30198383
776,16/08/1934,15.66733258
777,16/09/1934,15.06869616
778,16/10/1934,13.17882763
779,16/11/1934,10.81953451
780,16/12/1934,10.42081485
781,16/01/1935,8.972668716
782,15/02/1935,8.254610845
783,16/03/1935,7.722792898
784,16/04/1935,8.363889115
785,16/05/1935,9.869253022
786,16/06/1935,11.79571179
787,16/07/1935,14.82397883
788,16/08/1935,15.75555686
789,16/09/1935,14.71162081
790,16/10/1935,12.77404383
791,16/11/1935,11.00391034
792,16/12/1935,9.342643397
793,16/01/1936,8.331458535
794,15/02/1936,7.587311813
795,16/03/1936,7.53932098
796,16/04/1936,8.017468214
797,16/05/1936,9.753147466
798,16/06/1936,12.2757597
799,16/07/1936,15.06414046
800,16/08/1936,15.47827108
801,16/09/1936,15.36403554
802,16/10/1936,13.30403423
803,16/11/1936,10.91270276
804,16/12/1936,9.509471416
805,16/01/1937,8.549204724
806,15/02/1937,7.803244318
807,16/03/1937,7.10368807
808,16/04/1937,8.107117346
809,16/05/1937,10.00007772
810,16/06/1937,12.69723027
811,16/07/1937,14.73489843
812,16/08/1937,16.28212261
813,16/09/1937,14.73912232
814,16/10/1937,13.51806089
815,16/11/1937,11.5438665
816,16/12/1937,9.456842831
817,16/01/1938,8.825851747
818,15/02/1938,7.994739498
819,16/03/1938,8.214395523
820,16/04/1938,8.706806285
821,16/05/1938,9.94194528
822,16/06/1938,12.12252889
823,16/07/1938,14.04426241
824,16/08/1938,15.73152256
825,16/09/1938,14.96777453
826,16/10/1938,13.28617518
827,16/11/1938,12.11063051
828,16/12/1938,10.16642427
829,16/01/1939,8.708791699
830,15/02/1939,8.249728748
831,16/03/1939,7.873233284
832,16/04/1939,8.455947569
833,16/05/1939,10.23041991
834,16/06/1939,13.1530744
835,16/07/1939,14.58845248
836,16/08/1939,16.33464616
837,16/09/1939,16.18735041
838,16/10/1939,13.30787127
839,16/11/1939,11.48332071
840,16/12/1939,9.575208119
841,16/01/1940,7.943378721
842,15/02/1940,6.663515261
843,16/03/1940,6.61591254
844,16/04/1940,7.552547421
845,16/05/1940,9.788366931
846,16/06/1940,12.96865429
847,16/07/1940,14.51900271
848,16/08/1940,15.59429564
849,16/09/1940,14.54796696
850,16/10/1940,13.05633572
851,16/11/1940,10.53442792
852,16/12/1940,8.726966722
853,16/01/1941,7.354478768
854,15/02/1941,6.586189372
855,16/03/1941,6.692912715
856,16/04/1941,7.434244054
857,16/05/1941,9.225336143
858,16/06/1941,12.03011377
859,16/07/1941,13.81096145
860,16/08/1941,15.28877006
861,16/09/1941,14.97969927
862,16/10/1941,13.41908107
863,16/11/1941,11.19069113
864,16/12/1941,8.602140938
865,16/01/1942,7.302800179
866,15/02/1942,6.230988383
867,16/03/1942,5.903526255
868,16/04/1942,7.663642032
869,16/05/1942,9.605810131
870,16/06/1942,12.25307369
871,16/07/1942,14.0147688
872,16/08/1942,15.03338153
873,16/09/1942,14.34163679
874,16/10/1942,12.83425317
875,16/11/1942,10.65235737
876,16/12/1942,9.184493712
877,16/01/1943,7.740086079
878,15/02/1943,6.987244402
879,16/03/1943,7.112493004
880,16/04/1943,8.35617263
881,16/05/1943,10.69272171
882,16/06/1943,13.62368754
883,16/07/1943,15.25114782
884,16/08/1943,15.50453479
885,16/09/1943,14.97684874
886,16/10/1943,13.00911801
887,16/11/1943,11.31106063
888,16/12/1943,9.860718727
889,16/01/1944,8.001365321
890,15/02/1944,6.949439457
891,16/03/1944,6.539267353
892,16/04/1944,8.282961164
893,16/05/1944,9.979437624
894,16/06/1944,12.54672412
895,16/07/1944,14.8214969
896,16/08/1944,16.57586581
897,16/09/1944,14.94788483
898,16/10/1944,12.81519842
899,16/11/1944,11.13162899
900,16/12/1944,9.135184118
901,16/01/1945,7.535490683
902,15/02/1945,6.987574543
903,16/03/1945,7.202059984
904,16/04/1945,8.403244121
905,16/05/1945,10.3801557
906,16/06/1945,13.17595346
907,16/07/1945,14.87372868
908,16/08/1945,15.9645631
909,16/09/1945,14.67892245
910,16/10/1945,13.56775945
911,16/11/1945,11.67131642
912,16/12/1945,10.13099984
913,16/01/1946,8.752032655
914,15/02/1946,8.167756966
915,16/03/1946,7.487245015
916,16/04/1946,8.584252664
917,16/05/1946,9.941649301
918,16/06/1946,12.31222064
919,16/07/1946,14.49634068
920,16/08/1946,15.19856405
921,16/09/1946,14.66354472
922,16/10/1946,12.95032263
923,16/11/1946,11.21237496
924,16/12/1946,9.524881976
925,16/01/1947,7.832823174
926,15/02/1947,6.614896229
927,16/03/1947,6.01651769
928,16/04/1947,7.469581945
929,16/05/1947,9.654046433
930,16/06/1947,12.59452902
931,16/07/1947,14.40444231
932,16/08/1947,16.3924677
933,16/09/1947,15.67407458
934,16/10/1947,13.86906079
935,16/11/1947,11.54237046
936,16/12/1947,9.510780777
937,16/01/1948,8.41431897
938,15/02/1948,7.699073008
939,16/03/1948,7.684894494
940,16/04/1948,8.743951014
941,16/05/1948,10.6153653
942,16/06/1948,12.77422789
943,16/07/1948,13.96785321
944,16/08/1948,15.27000577
945,16/09/1948,14.38163805
946,16/10/1948,13.21022054
947,16/11/1948,11.25142118
948,16/12/1948,10.01261221
949,16/01/1949,8.912254878
950,15/02/1949,8.223601103
951,16/03/1949,7.738129003
952,16/04/1949,8.727812018
953,16/05/1949,10.1903961
954,16/06/1949,12.76099014
955,16/07/1949,15.49309594
956,16/08/1949,16.06461702
957,16/09/1949,16.4092021
958,16/10/1949,14.65667214
959,16/11/1949,11.59361614
960,16/12/1949,9.336899587
961,16/01/1950,8.792728356
962,15/02/1950,7.749555758
963,16/03/1950,8.027498347
964,16/04/1950,8.67352346
965,16/05/1950,10.43215241
966,16/06/1950,13.37061793
967,16/07/1950,15.29919652
968,16/08/1950,15.94819008
969,16/09/1950,14.46302121
970,16/10/1950,12.9803321
971,16/11/1950,10.66938836
972,16/12/1950,9.023812294
973,16/01/1951,7.757078648
974,15/02/1951,7.374854701
975,16/03/1951,7.05967147
976,16/04/1951,7.579517773
977,16/05/1951,9.3583576
978,16/06/1951,12.4093036
979,16/07/1951,14.8124594
980,16/08/1951,15.30490432
981,16/09/1951,14.79280697
982,16/10/1951,13.4741134
983,16/11/1951,11.47974028
984,16/12/1951,9.868929999
985,16/01/1952,8.475314958
986,15/02/1952,7.382075923
987,16/03/1952,7.420541082
988,16/04/1952,8.317433459
989,16/05/1952,10.43910967
990,16/06/1952,12.7459866
991,16/07/1952,15.1260331
992,16/08/1952,15.76622248
993,16/09/1952,14.33373662
994,16/10/1952,12.44719076
995,16/11/1952,10.47770698
996,16/12/1952,8.748652492
997,16/01/1953,7.9520482
998,15/02/1953,7.403577668
999,16/03/1953,7.27522816
1000,16/04/1953,8.204851116
1001,16/05/1953,10.23400927
1002,16/06/1953,12.65924174
1003,16/07/1953,14.9298471
1004,16/08/1953,15.68632133
1005,16/09/1953,14.8794305
1006,16/10/1953,13.57628659
1007,16/11/1953,11.84246635
1008,16/12/1953,10.99896227
1009,16/01/1954,9.178608894
1010,15/02/1954,7.626162359
1011,16/03/1954,7.463065863
1012,16/04/1954,8.281840086
1013,16/05/1954,9.923849991
1014,16/06/1954,12.70879929
1015,16/07/1954,13.86755753
1016,16/08/1954,14.58520024
1017,16/09/1954,14.08396816
1018,16/10/1954,12.88516481
1019,16/11/1954,11.35479307
1020,16/12/1954,10.04457494
1021,16/01/1955,8.50132278
1022,15/02/1955,7.486089706
1023,16/03/1955,6.606310589
1024,16/04/1955,7.721370561
1025,16/05/1955,9.365808351
1026,16/06/1955,12.12748139
1027,16/07/1955,14.9663872
1028,16/08/1955,16.75255517
1029,16/09/1955,15.59055717
1030,16/10/1955,13.53840549
1031,16/11/1955,11.49547686
1032,16/12/1955,10.10512768
1033,16/01/1956,8.813687495
1034,15/02/1956,7.002467258
1035,16/03/1956,6.830760683
1036,16/04/1956,7.64302315
1037,16/05/1956,9.768648488
1038,16/06/1956,11.79680892
1039,16/07/1956,14.16240774
1040,16/08/1956,14.52117137
1041,16/09/1956,14.28015525
1042,16/10/1956,13.14756189
1043,16/11/1956,10.87377419
1044,16/12/1956,9.727314268
1045,16/01/1957,8.566598688
1046,15/02/1957,8.087969712
1047,16/03/1957,8.289795194
1048,16/04/1957,9.012690919
1049,16/05/1957,10.21044356
1050,16/06/1957,13.19262014
1051,16/07/1957,15.21619872
1052,16/08/1957,15.67376832
1053,16/09/1957,14.19527578
1054,16/10/1957,12.87254374
1055,16/11/1957,11.12790768
1056,16/12/1957,9.769922461
1057,16/01/1958,8.563544921
1058,15/02/1958,7.842941182
1059,16/03/1958,7.17521848
1060,16/04/1958,7.705513409
1061,16/05/1958,9.284596648
1062,16/06/1958,12.09169177
1063,16/07/1958,14.50377628
1064,16/08/1958,15.07286944
1065,16/09/1958,15.3680174
1066,16/10/1958,13.41882447
1067,16/11/1958,11.77086762
1068,16/12/1958,10.17975324
1069,16/01/1959,8.678692375
1070,15/02/1959,7.815647704
1071,16/03/1959,8.011470931
1072,16/04/1959,8.84497697
1073,16/05/1959,10.79807091
1074,16/06/1959,13.31482642
1075,16/07/1959,15.44777836
1076,16/08/1959,16.53409617
1077,16/09/1959,16.18251617
1078,16/10/1959,14.74181066
1079,16/11/1959,11.95386839
1080,16/12/1959,10.21369137
1081,16/01/1960,8.79956225
1082,15/02/1960,7.978678908
1083,16/03/1960,7.833854267
1084,16/04/1960,8.654673031
1085,16/05/1960,10.76479469
1086,16/06/1960,13.70447745
1087,16/07/1960,14.46513653
1088,16/08/1960,15.65217931
1089,16/09/1960,15.03338255
1090,16/10/1960,13.303348
1091,16/11/1960,11.16855001
1092,16/12/1960,9.830836364
1093,16/01/1961,8.591454063
1094,15/02/1961,8.275616476
1095,16/03/1961,8.508148636
1096,16/04/1961,9.385241883
1097,16/05/1961,11.05171905
1098,16/06/1961,13.16666045
1099,16/07/1961,14.39949785
1100,16/08/1961,15.03087745
1101,16/09/1961,15.02399881
1102,16/10/1961,13.7683769
1103,16/11/1961,11.17296498
1104,16/12/1961,9.70091813
1105,16/01/1962,8.541285276
1106,15/02/1962,7.780926023
1107,16/03/1962,7.057369879
1108,16/04/1962,7.793907881
1109,16/05/1962,9.250196082
1110,16/06/1962,11.8463115
1111,16/07/1962,13.43745715
1112,16/08/1962,14.33978387
1113,16/09/1962,13.93357004
1114,16/10/1962,13.20291063
1115,16/11/1962,10.99629654
1116,16/12/1962,9.448796477
1117,16/01/1963,7.08161211
1118,15/02/1963,5.962387034
1119,16/03/1963,6.136965036
1120,16/04/1963,7.251867873
1121,16/05/1963,9.047766243
1122,16/06/1963,12.39979805
1123,16/07/1963,14.02755696
1124,16/08/1963,14.94277368
1125,16/09/1963,13.843153
1126,16/10/1963,12.46319158
1127,16/11/1963,11.13738414
1128,16/12/1963,9.486714976
1129,16/01/1964,8.481157609
1130,15/02/1964,7.851631437
1131,16/03/1964,7.340039049
1132,16/04/1964,7.842576129
1133,16/05/1964,10.26046133
1134,16/06/1964,12.7795827
1135,16/07/1964,14.23726225
1136,16/08/1964,15.14424998
1137,16/09/1964,14.64721591
1138,16/10/1964,12.98203618
1139,16/11/1964,11.22061961
1140,16/12/1964,9.729842322
1141,16/01/1965,8.463039739
1142,15/02/1965,7.402008602
1143,16/03/1965,7.05315893
1144,16/04/1965,8.082108906
1145,16/05/1965,9.772145203
1146,16/06/1965,12.30626481
1147,16/07/1965,13.91345991
1148,16/08/1965,14.8142566
1149,16/09/1965,13.80854682
1150,16/10/1965,13.11822932
1151,16/11/1965,10.66054215
1152,16/12/1965,8.887452773
1153,16/01/1966,7.680116381
1154,15/02/1966,7.519557851
1155,16/03/1966,7.639374358
1156,16/04/1966,8.063356979
1157,16/05/1966,9.923030445
1158,16/06/1966,12.92105927
1159,16/07/1966,14.72180476
1160,16/08/1966,15.31595182
1161,16/09/1966,14.85324097
1162,16/10/1966,13.59499693
1163,16/11/1966,11.09920631
1164,16/12/1966,9.299425772
1165,16/01/1967,8.249235664
1166,15/02/1967,8.070978948
1167,16/03/1967,7.980113847
1168,16/04/1967,8.544683286
1169,16/05/1967,9.85150562
1170,16/06/1967,12.65742963
1171,16/07/1967,14.71069472
1172,16/08/1967,15.77288144
1173,16/09/1967,14.52450091
1174,16/10/1967,12.97033446
1175,16/11/1967,10.76403366
1176,16/12/1967,9.372591087
1177,16/01/1968,8.124005863
1178,15/02/1968,7.475843157
1179,16/03/1968,7.26582677
1180,16/04/1968,8.184979575
1181,16/05/1968,9.885371685
1182,16/06/1968,13.12383059
1183,16/07/1968,14.61301041
1184,16/08/1968,15.81184271
1185,16/09/1968,15.16901309
1186,16/10/1968,13.58400883
1187,16/11/1968,11.41694927
1188,16/12/1968,10.03450762
1189,16/01/1969,8.812796286
1190,15/02/1969,7.681115968
1191,16/03/1969,6.980957951
1192,16/04/1969,7.544597626
1193,16/05/1969,9.49732089
1194,16/06/1969,12.83951569
1195,16/07/1969,14.84987204
1196,16/08/1969,16.24988897
1197,16/09/1969,15.09178475
1198,16/10/1969,13.75939574
1199,16/11/1969,11.55399009
1200,16/12/1969,9.322150775
1201,16/01/1970,8.172252553
1202,15/02/1970,7.583009822
1203,16/03/1970,7.095373562
1204,16/04/1970,7.604913235
1205,16/05/1970,9.677895648
1206,16/06/1970,13.32997125
1207,16/07/1970,14.06232023
1208,16/08/1970,15.17286587
1209,16/09/1970,14.26920891
1210,16/10/1970,12.90250165
1211,16/11/1970,10.9798368
1212,16/12/1970,9.830528123
1213,16/01/1971,8.46277162
1214,15/02/1971,7.932569538
1215,16/03/1971,7.593336003
1216,16/04/1971,8.315011774
1217,16/05/1971,10.26564067
1218,16/06/1971,12.31282439
1219,16/07/1971,14.78994506
1220,16/08/1971,15.59903996
1221,16/09/1971,15.2032797
1222,16/10/1971,13.9585245
1223,16/11/1971,11.39978218
1224,16/12/1971,9.915428707
1225,16/01/1972,8.661468574
1226,15/02/1972,7.789408513
1227,16/03/1972,7.65330846
1228,16/04/1972,8.401164532
1229,16/05/1972,9.767888205
1230,16/06/1972,11.84594699
1231,16/07/1972,14.11727926
1232,16/08/1972,15.09533943
1233,16/09/1972,14.38154037
1234,16/10/1972,13.00885745
1235,16/11/1972,11.03178453
1236,16/12/1972,9.687333175
1237,16/01/1973,8.85380234
1238,15/02/1973,8.116723265
1239,16/03/1973,7.892784527
1240,16/04/1973,8.319689478
1241,16/05/1973,9.784352575
1242,16/06/1973,12.75939138
1243,16/07/1973,15.23135437
1244,16/08/1973,15.49642147
1245,16/09/1973,15.18310036
1246,16/10/1973,13.18194798
1247,16/11/1973,11.01127734
1248,16/12/1973,9.04007663
1249,16/01/1974,8.529770783
1250,15/02/1974,8.266000952
1251,16/03/1974,8.020576136
1252,16/04/1974,8.985394784
1253,16/05/1974,10.25492328
1254,16/06/1974,12.86385618
1255,16/07/1974,14.64565965
1256,16/08/1974,15.51912764
1257,16/09/1974,14.31788751
1258,16/10/1974,12.11738362
1259,16/11/1974,10.36613968
1260,16/12/1974,9.372874124
1261,16/01/1975,8.820446968
1262,15/02/1975,8.31434083
1263,16/03/1975,7.925777163
1264,16/04/1975,8.124919006
1265,16/05/1975,9.674357619
1266,16/06/1975,12.52739225
1267,16/07/1975,14.99665471
1268,16/08/1975,16.67160654
1269,16/09/1975,15.08185244
1270,16/10/1975,13.09340504
1271,16/11/1975,11.31972006
1272,16/12/1975,9.692559719
1273,16/01/1976,8.775226831
1274,15/02/1976,7.612259695
1275,16/03/1976,7.3067176
1276,16/04/1976,8.178359134
1277,16/05/1976,9.960595403
1278,16/06/1976,13.02123444
1279,16/07/1976,16.1209462
1280,16/08/1976,16.82204621
1281,16/09/1976,14.99428191
1282,16/10/1976,13.28875092
1283,16/11/1976,11.31744501
1284,16/12/1976,9.290355444
1285,16/01/1977,8.097577402
1286,15/02/1977,7.632060358
1287,16/03/1977,7.847412859
1288,16/04/1977,8.201458727
1289,16/05/1977,9.943542344
1290,16/06/1977,12.35438905
1291,16/07/1977,14.36703988
1292,16/08/1977,15.3215535
1293,16/09/1977,14.31832504
1294,16/10/1977,13.27131789
1295,16/11/1977,11.2340327
1296,16/12/1977,9.542095729
1297,16/01/1978,8.474444219
1298,15/02/1978,7.373632465
1299,16/03/1978,7.482754844
1300,16/04/1978,8.033969913
1301,16/05/1978,9.814686639
1302,16/06/1978,12.61586162
1303,16/07/1978,13.39852428
1304,16/08/1978,14.98137924
1305,16/09/1978,14.36041668
1306,16/10/1978,13.20207718
1307,16/11/1978,11.90884222
1308,16/12/1978,9.866181442
1309,16/01/1979,7.924917221
1310,15/02/1979,6.789767061
1311,16/03/1979,6.614223208
1312,16/04/1979,7.448067052
1313,16/05/1979,8.990944726
1314,16/06/1979,12.19773122
1315,16/07/1979,14.02195229
1316,16/08/1979,14.82928964
1317,16/09/1979,14.22169937
1318,16/10/1979,13.16346925
1319,16/11/1979,11.03746155
1320,16/12/1979,9.914510523
1321,16/01/1980,8.275309086
1322,15/02/1980,7.840093953
1323,16/03/1980,7.572358506
1324,16/04/1980,8.442143372
1325,16/05/1980,10.12505157
1326,16/06/1980,13.00943599
1327,16/07/1980,13.95485967
1328,16/08/1980,15.3428263
1329,16/09/1980,14.68122891
1330,16/10/1980,12.77797467
1331,16/11/1980,10.63346216
1332,16/12/1980,9.079617602
1333,16/01/1981,8.030243533
1334,15/02/1981,7.381327868
1335,16/03/1981,7.569494622
1336,16/04/1981,8.426076003
1337,16/05/1981,9.837160519
1338,16/06/1981,12.41086415
1339,16/07/1981,14.14963947
1340,16/08/1981,15.58550065
1341,16/09/1981,15.26764802
1342,16/10/1981,12.54828038
1343,16/11/1981,10.82360002
1344,16/12/1981,9.019321169
1345,16/01/1982,7.827313389
1346,15/02/1982,7.552652121
1347,16/03/1982,7.558554854
1348,16/04/1982,8.474877426
1349,16/05/1982,10.05932426
1350,16/06/1982,13.57671956
1351,16/07/1982,15.26192972
1352,16/08/1982,15.95754113
1353,16/09/1982,14.57546316
1354,16/10/1982,13.05877154
1355,16/11/1982,11.20751054
1356,16/12/1982,9.575332437
1357,16/01/1983,8.682950292
1358,15/02/1983,7.503701483
1359,16/03/1983,7.293676649
1360,16/04/1983,7.879929236
1361,16/05/1983,9.591850689
1362,16/06/1983,12.34627812
1363,16/07/1983,15.21262237
1364,16/08/1983,16.33892638
1365,16/09/1983,14.51960461
1366,16/10/1983,13.00581019
1367,16/11/1983,11.0707219
1368,16/12/1983,9.665995802
1369,16/01/1984,8.372458322
1370,15/02/1984,7.586465461
1371,16/03/1984,7.112226861
1372,16/04/1984,7.987064362
1373,16/05/1984,9.834835597
1374,16/06/1984,12.16438225
1375,16/07/1984,14.32338156
1376,16/08/1984,16.29723597
1377,16/09/1984,14.9438042
1378,16/10/1984,12.9233442
1379,16/11/1984,11.37977586
1380,16/12/1984,10.00357928
1381,16/01/1985,8.123922314
1382,15/02/1985,7.190316694
1383,16/03/1985,7.012415034
1384,16/04/1985,8.041028772
1385,16/05/1985,9.512023926
1386,16/06/1985,12.3260293
1387,16/07/1985,14.57217768
1388,16/08/1985,14.78017146
1389,16/09/1985,14.05632496
1390,16/10/1985,13.48733085
1391,16/11/1985,10.98477513
1392,16/12/1985,9.482127087
1393,16/01/1986,8.201847621
1394,15/02/1986,6.738394533
1395,16/03/1986,6.321277789
1396,16/04/1986,7.043994188
1397,16/05/1986,9.04500195
1398,16/06/1986,11.68986702
1399,16/07/1986,14.45845509
1400,16/08/1986,14.68505601
1401,16/09/1986,13.45269564
1402,16/10/1986,12.76188401
1403,16/11/1986,10.74289519
1404,16/12/1986,9.492914677
1405,16/01/1987,7.655565228
1406,15/02/1987,6.862004791
1407,16/03/1987,6.661784053
1408,16/04/1987,7.908018691
1409,16/05/1987,9.564853464
1410,16/06/1987,12.01212828
1411,16/07/1987,14.62069464
1412,16/08/1987,15.22439037
1413,16/09/1987,14.75532348
1414,16/10/1987,12.91300644
1415,16/11/1987,11.18965197
1416,16/12/1987,9.553645951
1417,16/01/1988,9.156390088
1418,15/02/1988,8.273166554
1419,16/03/1988,7.327262129
1420,16/04/1988,8.399654525
1421,16/05/1988,10.36116259
1422,16/06/1988,13.08245325
1423,16/07/1988,14.58527647
1424,16/08/1988,15.06673915
1425,16/09/1988,14.29405689
1426,16/10/1988,12.90719618
1427,16/11/1988,11.12423304
1428,16/12/1988,9.879949433
1429,16/01/1989,9.185670206
1430,15/02/1989,8.658765657
1431,16/03/1989,8.569385052
1432,16/04/1989,8.836787496
1433,16/05/1989,10.76059307
1434,16/06/1989,13.76755449
1435,16/07/1989,15.71149213
1436,16/08/1989,16.11879539
1437,16/09/1989,15.25948402
1438,16/10/1989,13.84460279
1439,16/11/1989,11.9166772
1440,16/12/1989,10.32889502
1441,16/01/1990,9.350110395
1442,15/02/1990,8.889051778
1443,16/03/1990,8.827385971
1444,16/04/1990,9.252196176
1445,16/05/1990,11.66829974
1446,16/06/1990,13.30120243
1447,16/07/1990,14.80236898
1448,16/08/1990,16.36876195
1449,16/09/1990,15.0980397
1450,16/10/1990,13.33900608
1451,16/11/1990,11.39906066
1452,16/12/1990,9.731168543
1453,16/01/1991,8.538597379
1454,15/02/1991,7.544583252
1455,16/03/1991,7.62544448
1456,16/04/1991,8.401402235
1457,16/05/1991,9.779558182
1458,16/06/1991,11.93420219
1459,16/07/1991,14.70445497
1460,16/08/1991,16.04386364
1461,16/09/1991,15.61714901
1462,16/10/1991,13.16407136
1463,16/11/1991,10.77332476
1464,16/12/1991,9.578644616
1465,16/01/1992,8.618773903
1466,15/02/1992,8.043188299
1467,16/03/1992,8.111713171
1468,16/04/1992,8.444546563
1469,16/05/1992,10.569714
1470,16/06/1992,14.24901962
1471,16/07/1992,15.68374286
1472,16/08/1992,15.8248182
1473,16/09/1992,14.22223568
1474,16/10/1992,12.74750955
1475,16/11/1992,10.61774152
1476,16/12/1992,9.350580556
1477,16/01/1993,8.253078052
1478,15/02/1993,7.85925109
1479,16/03/1993,7.372968333
1480,16/04/1993,8.424008812
1481,16/05/1993,10.3630365
1482,16/06/1993,12.97784294
1483,16/07/1993,14.47297709
1484,16/08/1993,15.23285512
1485,16/09/1993,14.4488977
1486,16/10/1993,12.61708096
1487,16/11/1993,10.44668048
1488,16/12/1993,8.956464086
1489,16/01/1994,8.038453613
1490,15/02/1994,7.370616334
1491,16/03/1994,7.253650699
1492,16/04/1994,8.18179839
1493,16/05/1994,10.04082741
1494,16/06/1994,12.36975602
1495,16/07/1994,15.40100125
1496,16/08/1994,16.46092531
1497,16/09/1994,14.73489775
1498,16/10/1994,13.03169577
1499,16/11/1994,11.78701156
1500,16/12/1994,10.51998404
1501,16/01/1995,8.883497647
1502,15/02/1995,8.378396443
1503,16/03/1995,7.905977454
1504,16/04/1995,8.650721107
1505,16/05/1995,10.4013648
1506,16/06/1995,12.85419491
1507,16/07/1995,15.49198573
1508,16/08/1995,17.52137116
1509,16/09/1995,15.7699149
1510,16/10/1995,14.11193684
1511,16/11/1995,12.17967919
1512,16/12/1995,10.0026491
1513,16/01/1996,8.564337185
1514,15/02/1996,7.060831479
1515,16/03/1996,6.651764086
1516,16/04/1996,7.625380925
1517,16/05/1996,9.211199726
1518,16/06/1996,12.17516395
1519,16/07/1996,14.20311935
1520,16/08/1996,16.02277415
1521,16/09/1996,15.09587227
1522,16/10/1996,13.51642895
1523,16/11/1996,11.32275316
1524,16/12/1996,9.223995754
1525,16/01/1997,7.380975178
1526,15/02/1997,7.420704842
1527,16/03/1997,7.909193754
1528,16/04/1997,8.869163513
1529,16/05/1997,10.46000774
1530,16/06/1997,13.26792063
1531,16/07/1997,15.3665903
1532,16/08/1997,17.53509331
1533,16/09/1997,15.76637043
1534,16/10/1997,14.04297188
1535,16/11/1997,11.96299532
1536,16/12/1997,10.42087718
1537,16/01/1998,9.441848414
1538,15/02/1998,8.509554761
1539,16/03/1998,8.626742874
1540,16/04/1998,9.09579621
1541,16/05/1998,11.08066954
1542,16/06/1998,13.34788656
1543,16/07/1998,14.74538142
1544,16/08/1998,15.69421646
1545,16/09/1998,15.15312249
1546,16/10/1998,13.4716068
1547,16/11/1998,11.00823511
1548,16/12/1998,9.524071659
1549,16/01/1999,8.860587937
1550,15/02/1999,8.069072178
1551,16/03/1999,7.956365483
1552,16/04/1999,9.008787325
1553,16/05/1999,10.97790589
1554,16/06/1999,13.3784414
1555,16/07/1999,15.8023935
1556,16/08/1999,16.69150298
1557,16/09/1999,16.20820168
1558,16/10/1999,13.92895951
1559,16/11/1999,11.84258611
1560,16/12/1999,9.916408675
1561,16/01/2000,8.643149546
1562,15/02/2000,8.243087258
1563,16/03/2000,8.161497729
1564,16/04/2000,8.69874273
1565,16/05/2000,10.98060281
1566,16/06/2000,12.93779373
1567,16/07/2000,14.51758555
1568,16/08/2000,16.22715589
1569,16/09/2000,15.47930922
1570,16/10/2000,13.49170583
1571,16/11/2000,11.05744355
1572,16/12/2000,10.0389232
1573,16/01/2001,8.653833219
1574,15/02/2001,7.992273978
1575,16/03/2001,7.65501305
1576,16/04/2001,8.459167719
1577,16/05/2001,10.79612221
1578,16/06/2001,13.15323067
1579,16/07/2001,15.53029728
1580,16/08/2001,16.57004697
1581,16/09/2001,15.29011413
1582,16/10/2001,14.39934417
1583,16/11/2001,12.12923152
1584,16/12/2001,10.29109744
1585,16/01/2002,8.759588344
1586,15/02/2002,8.843909025
1587,16/03/2002,8.499948536
1588,16/04/2002,9.336014237
1589,16/05/2002,10.96526173
1590,16/06/2002,13.54143885
1591,16/07/2002,15.16267259
1592,16/08/2002,17.16276325
1593,16/09/2002,16.33999375
1594,16/10/2002,14.03262792
1595,16/11/2002,11.70115226
1596,16/12/2002,10.01474878
1597,16/01/2003,8.798662731
1598,15/02/2003,7.806000301
1599,16/03/2003,8.006157364
1600,16/04/2003,8.989223548
1601,16/05/2003,10.78160606
1602,16/06/2003,14.15610477
1603,16/07/2003,16.2361068
1604,16/08/2003,17.72190183
1605,16/09/2003,16.50763954
1606,16/10/2003,13.9241192
1607,16/11/2003,11.78642886
1608,16/12/2003,10.31554461
1609,16/01/2004,8.967719623
1610,15/02/2004,8.369186265
1611,16/03/2004,7.966762679
1612,16/04/2004,9.11286194
1613,16/05/2004,10.92190634
1614,16/06/2004,13.75532627
1615,16/07/2004,15.03411061
1616,16/08/2004,17.15299688
1617,16/09/2004,15.49566862
1618,16/10/2004,13.53244638
1619,16/11/2004,11.71273722
1620,16/12/2004,10.30909375
1621,16/01/2005,9.135395765
1622,15/02/2005,8.144371475
1623,16/03/2005,7.552767004
1624,16/04/2005,8.744662762
1625,16/05/2005,10.39961052
1626,16/06/2005,13.2377489
1627,16/07/2005,15.57023914
1628,16/08/2005,15.97072969
1629,16/09/2005,15.84043162
1630,16/10/2005,14.43358687
1631,16/11/2005,12.54650777
1632,16/12/2005,10.42654242
1633,16/01/2006,8.890258244
1634,15/02/2006,7.923232555
1635,16/03/2006,7.215796743
1636,16/04/2006,8.361004829
1637,16/05/2006,10.48034389
1638,16/06/2006,13.26301704
1639,16/07/2006,16.43665695
1640,16/08/2006,17.23412704
1641,16/09/2006,16.34205205
1642,16/10/2006,15.1158593
1643,16/11/2006,12.7058957
1644,16/12/2006,11.04975748
1645,16/01/2007,9.830326217
1646,15/02/2007,8.839093719
1647,16/03/2007,8.872306517
1648,16/04/2007,9.9344322
1649,16/05/2007,11.5378155
1650,16/06/2007,14.12900645
1651,16/07/2007,15.24996771
1652,16/08/2007,16.18320322
1653,16/09/2007,15.31343474
1654,16/10/2007,14.06468487
1655,16/11/2007,12.02786582
1656,16/12/2007,10.30196149
1657,16/01/2008,9.225837469
1658,16/02/2008,8.72720153
1659,16/03/2008,8.341258356
1660,16/04/2008,8.880919286
1661,16/05/2008,11.67526484
1662,16/06/2008,13.93909591
1663,16/07/2008,15.36770991
1664,16/08/2008,16.35367632
1665,16/09/2008,15.47976542
1666,16/10/2008,13.44937195
1667,16/11/2008,11.37785694
1668,16/12/2008,9.723464966
1669,16/01/2009,8.304789407
1670,16/02/2009,7.539866516
1671,16/03/2009,7.919771603
1672,16/04/2009,9.185962847
1673,16/05/2009,10.63578285
1674,16/06/2009,13.61504344
1675,16/07/2009,16.12691287
1676,16/08/2009,16.60378695
1677,16/09/2009,15.53736305
1678,16/10/2009,13.95671742
1679,16/11/2009,12.10547338
1680,16/12/2009,10.34725339
1681,16/01/2010,8.19314364
1682,16/02/2010,7.199088573
1683,16/03/2010,7.182413135
1684,16/04/2010,8.487820557
1685,16/05/2010,10.29837772
1686,16/06/2010,13.34570605
1687,16/07/2010,15.62771443
1688,16/08/2010,16.28763097
1689,16/09/2010,15.24802644
1690,16/10/2010,13.67998743
1691,16/11/2010,11.35380575
1692,16/12/2010,8.810207299
1693,16/01/2011,7.720808915
1694,16/02/2011,7.654381071
1695,16/03/2011,7.498535974
1696,16/04/2011,9.243041107
1697,16/05/2011,11.18831955
1698,16/06/2011,13.29450519
1699,16/07/2011,15.07814401
1700,16/08/2011,15.66923761
1701,16/09/2011,14.97050769
1702,16/10/2011,13.78506265
1703,16/11/2011,12.47204672
1704,16/12/2011,10.511896
1705,16/01/2012,9.195254803
1706,16/02/2012,7.908518451
1707,16/03/2012,8.210502114
1708,16/04/2012,8.864704302
1709,16/05/2012,10.48899869
1710,16/06/2012,12.89824677
1711,16/07/2012,14.69796569
1712,16/08/2012,16.40154375
1713,16/09/2012,14.90874032
1714,16/10/2012,13.19840336
1715,16/11/2012,11.26847097
1716,16/12/2012,9.53222486
1717,16/01/2013,8.458613566
1718,16/02/2013,7.561140026
1719,16/03/2013,6.763704572
1720,16/04/2013,7.392229693
1721,16/05/2013,9.382048266
1722,16/06/2013,12.27092791
1723,16/07/2013,15.25579609
1724,16/08/2013,16.60634191
1725,16/09/2013,15.40386915
1726,16/10/2013,14.19580085
1727,16/11/2013,11.81146186
1728,16/12/2013,10.1299025
1729,16/01/2014,9.109141282
1730,16/02/2014,8.226325274
1731,16/03/2014,8.420108761
1732,16/04/2014,9.464025702
1733,16/05/2014,11.35180105
1734,16/06/2014,14.34193264
1735,16/07/2014,16.5823647
1736,16/08/2014,16.82002572
1737,16/09/2014,16.04306425
1738,16/10/2014,14.63764695
1739,16/11/2014,12.7198348
1740,16/12/2014,10.58594533
1741,16/01/2015,9.090678828
1742,16/02/2015,7.998173441
1743,16/03/2015,7.936511721
1744,16/04/2015,8.977908782
1745,16/05/2015,10.48402432
1746,16/06/2015,12.55359622
1747,16/07/2015,14.95330136
1748,16/08/2015,15.90686342
1749,16/09/2015,15.13170971
1750,16/10/2015,13.92214578
1751,16/11/2015,12.30056075
1752,16/12/2015,10.68926055
1753,16/01/2016,9.476084539
1754,16/02/2016,8.54916954
1755,16/03/2016,8.158462116
1756,16/04/2016,8.919229337
1757,16/05/2016,10.73958199
1758,16/06/2016,13.79076719
1759,16/07/2016,15.4128967
1760,16/08/2016,16.45947293
1761,16/09/2016,16.35791329
1762,16/10/2016,14.31237527
1763,16/11/2016,11.68608257
1764,16/12/2016,10.30589335
1765,16/01/2017,8.988472836
1766,16/02/2017,8.26051712
1767,16/03/2017,8.427355289
1768,16/04/2017,9.42183372
1769,16/05/2017,11.13197824
